Date,Region,Total_Infections,B.1.1.529,B.1.617.2,BA.1.1,BA.2,BA.2.12.1,BA.2.75,BA.2.75.2,BA.2.86,BA.3.2,BA.4,BA.4.6,BA.5,BA.5.2.6,BF.11,BF.7,BN.1,BQ.1,BQ.1.1,CH.1.1,EG.5,EG.5.1.8,EG.6.1,EU.1.1,FD.1.1,FD.2,FE.1.1,FL.1.5.1,GE.1,GK.1.1,GK.2,HF.1,HK.3,HV.1,JD.1.1,JF.1,JG.3,JN.1,JN.1.11.1,JN.1.13,JN.1.13.1,JN.1.16,JN.1.16.1,JN.1.18,JN.1.18.6,JN.1.32,JN.1.4.3,JN.1.7,JN.1.8.1,KP.1.1,KP.1.1.3,KP.1.2,KP.2,KP.2.15,KP.2.3,KP.3,KP.3.1.1,KP.4.1,KQ.1,KS.1,KV.2,KW.1.1,LB.1,LB.1.3.1,LF.3.1,LF.7,LF.7.2.1,LF.7.7.1,LF.7.7.2,LF.7.9,LP.1,LP.8.1,MC.1,MC.10.1,MC.19,MC.28.1,NB.1.8.1,NW.1,PA.1,PQ.17,PQ.17.11,PQ.2.1.6,PQ.2.8.1,RF.5.4,RK.1,RV.1,RW.1.1,SW.2,XBB,XBB.1.16,XBB.1.16.1,XBB.1.16.11,XBB.1.16.15,XBB.1.16.17,XBB.1.16.6,XBB.1.42.2,XBB.1.5,XBB.1.5.1,XBB.1.5.10,XBB.1.5.59,XBB.1.5.68,XBB.1.5.70,XBB.1.5.72,XBB.1.9.1,XBB.1.9.2,XBB.2.3,XBB.2.3.8,XDP,XDV.1,XEC,XEC.4,XEK,XEQ,XFC,XFG,XFG.1,XFG.1.1,XFG.10.4,XFG.14.1,XFG.2.5.1,XFG.23.1.3,XFG.6,XFJ,XFV,XFY,XFZ,OTHER
2021-05-15,USA,,0.007,2.657,0.014,,,,,,,,,,,,,,,,,,,,,,,,,,,,,,,,,,,,,,,,,,,,,,,,,,,,,,,,,,,,,,,,,,,,,,,,,,,,,,,,,,,,,,,,,,,,,,,,,,,,,,,,,,,,,,,,,,,,,,,,,,,97.323
2021-06-12,USA,,0.017,12.26,0.014,,,,,,,,,,,,,,,,,,,,,,,,,,,,,,,,,,,,,,,,,,,,,,,,,,,,,,,,,,,,,,,,,,,,,,,,,,,,,,,,,,,,,,,,,,,,,,,,,,,,,,,,,,,,,,,,,,,,,,,,,,,87.708
2021-07-10,USA,,0.005,66.833,0.012,,,,,,,,,,,,,,,,,,,,,,,,,,,,,,,,,,,,,,,,,,,,,,,,,,,,,,,,,,,,,,,,,,,,,,,,,,,,,,,,,,,,,,,,,,,,,,,,,,,,,,,,,,,,,,,,,,,,,,,,,,,33.15
2021-08-07,USA,,,95.402,,,,,,,,,,,,,,,,,,,,,,,,,,,,,,,,,,,,,,,,,,,,,,,,,,,,,,,,,,,,,,,,,,,,,,,,,,,,,,,,,,,,,,,,,,,,,,,,,,,,,,,,,,,,,,,,,,,,,,,,,,,,4.595
2021-09-04,USA,,,98.878,0.001,,,,,,,,,,,,,,,,,,,,,,,,,,,,,,,,,,,,,,,,,,,,,,,,,,,,,,,,,,,,,,,,,,,,,,,,,,,,,,,,,,,,,,,,,,,,,,,,,,,,,,,,,,,,,,,,,,,,,,,,,,,1.123
2021-10-02,USA,,0.003,99.131,0.007,0.001,0.001,,,,,,,0.001,,,,,,,,,,,,,,,,,,,,,,,,,,,,,,,,,,,,,,,,,,,,,,,,,,,,,,,,,,,,,,,,,,,,,,,,,,,,,,,,,,,,,,,,,,,,,,,,,,,,,,,,,,,,,,,,,,0.858
2021-10-30,USA,,0.003,99.163,0.003,0.001,,,,,,,,0.001,,,,,,,,,,,,,,,,,,,,,,,,,,,,,,,,,,,,,,,,,,,,,,,,,,,,,,,,,,,,,,,,,,,,,,,,,,,,,,,,,,,,0.001,,,,,,,,,,,,,,,,,,,,,,,,,,,,,,0.828
2021-11-27,USA,,0.019,98.732,0.02,,0.001,,,,,0.001,,0.004,,,,,0.001,,,,,,,,,,,,,,,,,,,,0.001,,,,,,,,,,,,,,,,,,,,,,,,,,,,,,,,,,,,,,,,,,,,,,,,,,,,,,,,,,,,,,,,,,,,,,,,,,,,,,,,,,,,,,,,,1.222
2021-12-25,USA,,17.109,69.342,13.329,0.001,0.0,,,,,0.002,0.0,0.002,,,,,,0.0,,,,,,,,,,,,,,,,,,,,,,,,,,,,,,,,,,,,,,,,,,,,,,,,,,,,,,,,,,,,,,,,,,,,,,,,,,,,,,,,,,,,,,,,,,,,,,,,,,,,,,,,,,,,0.211
2022-01-22,USA,,37.41,4.519,57.744,0.224,0.012,,,,,0.001,0.001,0.006,0.0,,,,0.0,0.001,,,,,,,,,,,,,,,,,,,,,,,,,,,,,,,,,,,,,,,,,,,,,,,,,,,,,,,,,,,,,,,,,,,,,,,,,,,,,,,,,,,,,,,,,,,,,,,,,,,,,,,,,,,,0.107
2022-02-19,USA,,22.697,0.308,74.988,1.99,0.001,,,,,0.001,,0.002,,,,,0.0,0.001,,,,,,,,,,,,,,,0.0,,,,0.001,,,,,,,,,,,,,,,,,,,,,,,,,,,,,,,,,,,,,,,,,,,,,,,,,,,0.0,,,,,,,,0.002,,,,,,,,,,,,,,,,,,,,,,,,,,,,,,0.006
2022-03-19,USA,,12.12,0.117,65.525,21.705,0.436,,,,,0.003,,0.016,,,,,,,,,,,,,,,,,,,,,,,,,,,,,,,,,,,,,,,,,,,,,,,,,,,,,,,,,,,,,,,,,,,,,,,,,,,,,,,,,,,,0.003,,,,,,,,,,,,,,,,,,,,,,,,,,,,,,0.089
2022-04-16,USA,,1.613,0.092,14.386,71.571,12.106,,,,,0.024,,0.016,,,,,,,,,,,,,,,,,,,,,,,,,0.005,,,,,,,,,,,,,,,,,,,,,,,,,,,,,,,,,,,,,,,,,,,,,,,,,,,,,,,,,,,0.001,,,,,,,,,,,,,,,,,,,,,,,,,,,,,,0.263
2022-05-14,USA,,0.12,0.01,1.127,57.596,39.824,,,,,0.531,0.004,0.429,,,,,,,,,,,,,,,,,,,,,,,,,0.001,,,,,,,,,,,,,,,,,,,,,,,,,,,,,,,,,,,,,,,,,,,,,,,,,,,,0.001,,,,,,,0.002,,,,,,,,,,,,,,,,,,,,,,,,,,,,,,0.357
2022-06-11,USA,,0.07,0.005,0.104,26.694,59.778,,,,,4.848,0.16,8.107,,,0.001,,,,,,,,,,,,,,,,,,,,,,,,,,,,,,,,,,,,,,,,,,,,,,,,,,,,,,,,,,,,,,,,,,,,,,,,,,,,,,,,,,,,,0.001,,,,0.001,,,,,,,,,,,,,,,,,,,,,,0.28
2022-07-09,USA,,0.09,0.013,0.031,6.659,29.968,0.026,,,,12.159,1.241,49.721,0.015,0.002,0.005,,,,,,,,,,,,,,,,,,,,,,,,,,,,,,,,,,,,,,,,,,,,,,,,,,,,,,,,,,,,,,,,,,,,,,,,,,,,,,,,,0.003,,,,,,,,,,,,,,,,,,,,,,,,,,,,,,0.113
2022-08-06,USA,,0.132,0.002,0.023,1.176,5.507,0.114,0.002,,,9.135,3.316,80.27,0.051,0.033,0.113,,0.004,0.003,,,,,,,,,,,,,,,,,,,,,,,,,,,,,,,,,,,,,,,,,,,,,,,,,,,,,,,,,,,,,,,,,,,,,,,,,,,,,,,,,,,,,,,,,,,,,,,,,,,,,,,,,,,,0.121
2022-09-03,USA,,0.081,0.002,0.02,0.261,0.657,0.354,0.116,,,4.468,6.721,86.262,0.088,0.177,0.557,0.003,0.058,0.021,,,,,,,,,,,,,,,,,,,,,,,,,,,,,,,,,,,,,,,,,,,,,,,,,,,,,,,,,,,,,,,,,,,,,,0.007,,,,,,,,,,,,,,,,,,,,,,,,,,,,,,,,,,,,,,0.161
2022-10-01,USA,,0.051,0.003,0.017,0.301,0.088,0.765,0.37,,,1.931,9.741,82.308,0.328,0.449,2.039,0.06,0.934,0.399,0.003,,,,,,,,,,,,,,,,,,,,,,,,,,,,,,,,,,,,,,,,,,,,,,,,,,,,,,,,,,,,,,,,,,,,,0.043,,,,,,,,,,,,,,,,,,,,,,,,,,,,,,,,,,,,,,0.189
2022-10-29,USA,,0.093,0.013,0.035,0.856,0.019,1.136,0.499,0.003,,0.826,7.345,68.763,0.954,0.941,5.619,0.864,6.51,4.652,0.035,,,,,,,,,,,,,,,,,,,,,,,,,,,,,,,,,,,,,,,,,,,,,,,,,,,,,,,,,,,,,,,,,,,,,0.64,,,,,,,,0.005,,,,,,,,,,,,,,,,,,,,,,,,,,,,,,0.219
2022-11-26,USA,,0.055,0.002,0.028,1.002,0.023,0.972,0.436,,,0.27,3.574,40.949,1.646,1.164,7.047,2.42,19.209,17.812,0.268,,,,,,,,,,,,,,,,,,,,,,,,,,,,,,,,,,,,,,,,,,,,,,,,,,,,,,,,,,,,,,,,,,,,,2.577,,,,,,,,0.233,,,,,,,,,0.002,,,,,,,,,,,,,,,,,,,,,0.268
2022-12-24,USA,,0.035,0.006,0.048,0.914,0.018,0.664,0.315,,,0.11,1.139,19.215,1.246,0.788,4.92,3.417,25.288,32.498,0.688,,,,,,0.072,,,,,,,,,,,0.004,0.002,,,,,,,,,,,,,,,,,,,,,,,,,,,,,,,,,,,,,,,,,,,,,,,,,,,4.306,,,,,,,,3.967,0.028,0.002,0.002,,,,,,0.006,,,,,,,,,,,,,,,,,,,,,0.296
2023-01-21,USA,,0.025,0.002,0.03,0.548,0.013,0.445,0.228,,,0.021,0.283,7.762,0.638,0.339,2.036,2.453,18.195,33.991,1.395,0.004,0.002,,,,0.325,,,,,,,,,,,,,,,,,,,,,,,,,,,,,,,,,,,,,,,,,,,,,,,,,,,,,,,,,,,,,,,4.238,,,0.002,,,,,26.403,0.196,0.057,0.004,,,0.008,0.021,0.013,0.008,,,,,,,,,,,,,,,,,,,,,0.421
2023-02-18,USA,,0.034,0.005,0.005,0.382,0.007,0.169,0.105,,,0.009,0.087,2.385,0.201,0.114,0.412,0.844,6.922,18.176,1.271,0.009,,,,,1.123,,0.002,0.002,,,,0.005,0.005,,,,,,,,,,,,,,,,,,,,,,,,,,,,,,,,,,,,,,,,,,,,,,,,,,,,,,,3.106,0.005,,,,,,,62.895,0.69,0.174,0.014,0.016,,,0.283,0.08,0.037,,,,,,,,,,,,,,,,,,,,,0.377
2023-03-18,USA,,0.006,0.003,,0.226,,0.113,0.058,,,0.009,0.02,0.838,0.046,0.043,0.162,0.348,2.762,7.546,1.017,0.003,,,0.032,0.014,2.426,0.017,,,,,,,0.003,,,,0.003,,,,,,,,,,,0.003,,,,,,,,,,,,,,,,,,,,,,,,,,,,,,,,,,,,,,,,2.62,0.22,0.067,,,,,,77.9,1.093,0.278,0.035,0.061,,,1.183,0.412,0.165,,,,,,,,,,,,,,,,,,,,,0.267
2023-04-15,USA,,0.004,0.004,0.013,0.097,0.021,0.03,0.013,,,,0.004,0.249,0.021,0.013,0.017,0.156,0.886,2.651,1.038,0.118,,,0.139,0.013,2.397,0.127,,0.013,,,,,0.008,,,,,,,,,,,,,,,,,,,,,,,,,,,,,,,,,,,,,,,,,,,,,,,,,,,,,,,2.285,1.551,0.616,0.004,,,0.004,,78.917,1.585,0.481,0.038,0.299,0.004,0.034,3.546,1.38,0.721,,,,,,,,,,,,,,,,,,,,,0.279
2023-05-13,USA,,0.043,0.006,0.036,0.213,0.018,0.067,0.006,,,0.006,,0.146,0.012,,0.006,0.079,0.249,0.918,0.924,0.34,,0.043,0.529,0.079,1.581,0.517,0.006,0.036,,,,,,,,,,,,,,,,,,,,,,,,,,,0.006,,,,,,,,,,,,,,,,,,,,,,,,,,,,,,,,,3.125,5.265,2.408,0.103,,,0.128,0.067,67.362,1.781,0.882,0.274,0.584,0.152,0.152,6.846,2.608,2.128,0.049,,,,,,,,,,,,,,,,,,,,0.207
2023-06-10,USA,,,,0.011,0.103,0.023,0.011,,,,,,0.149,0.011,0.011,0.011,0.115,0.057,0.264,0.941,2.181,,0.333,1.573,0.333,0.321,2.135,0.161,0.253,0.011,,0.103,,,,,,,,,,,,,,,,,,,,,,,,,,,,,,,,,,,,,,,,,,,,,,,,,,,,,,,,,4.603,9.459,5.751,0.241,0.023,,0.758,0.126,44.128,1.446,2.319,0.31,0.987,0.413,0.459,9.873,3.639,5.981,0.057,,,,,,,,,,,,,,,,,,,,0.321
2023-07-08,USA,,,,,0.044,0.015,,,,,,,0.131,,,,0.073,0.086,0.247,1.32,5.876,,0.769,0.711,0.696,0.392,1.988,0.889,0.559,,0.203,0.493,,0.087,0.015,0.014,,,,,,,,,,,,,,,,,,,,,,,,,,,,,,,,,,,,,,,,,,,,,,,,,,,,,4.816,12.288,6.717,0.624,0.044,0.029,3.482,1.075,26.24,0.522,3.424,0.334,1.016,0.688,1.333,9.372,4.056,8.951,0.276,,,,,,,,,,,,,,,,,,,,0.387
2023-08-05,USA,,0.018,,,0.027,0.027,,,0.009,,,,0.045,0.018,,,0.027,0.054,0.018,1.057,13.945,0.009,1.684,0.206,0.699,0.099,0.958,4.371,0.985,0.313,0.618,1.066,,0.752,0.054,0.063,,,,,,,,,,,,,,,,,,,,,,,,,,,,,,,,,,,,,,,,,,,,,,,,,,,,,5.275,12.45,6.216,1.899,0.322,0.072,5.428,1.326,13.775,0.322,1.917,0.493,1.245,0.86,1.585,6.288,2.66,9.234,0.725,,,,,,,,,,,,,,,,,,,,0.743
2023-09-02,USA,,0.005,0.005,,0.005,,,,0.1,,,,0.005,,,0.005,,0.04,0.015,0.481,21.181,0.11,1.58,0.155,0.371,0.025,0.331,7.604,1.605,0.868,0.873,1.47,0.231,3.516,0.11,0.381,0.02,0.005,,,,,,,,,,,,,,,,,,,,,,,,,,,,,,,,,,,,,,,,,,,,,,,,,,,4.288,9.54,5.377,2.708,1.078,0.055,8.135,1.49,6.816,0.14,1.159,0.186,0.928,1.294,1.249,3.681,1.475,8.396,0.361,,,,,,,,,,,,,,,,,,,,0.612
2023-09-30,USA,,0.009,,0.009,0.009,,,,0.256,,,0.004,0.018,,,,,0.013,0.004,0.583,23.793,0.34,1.122,0.053,0.168,0.009,0.075,11.147,1.485,1.272,0.809,2.465,1.166,10.061,0.8,1.18,0.172,0.027,,,,,,,,,,,,,,,,,,,,,,,,,,,,,,,,,,,,,,,,,,,,,,,,,,,3.504,5.39,2.903,3.093,1.608,0.075,9.323,0.782,3.181,0.071,0.455,0.08,0.716,0.994,0.68,2.183,0.747,6.164,0.283,,,,,,,,,,,,,,,,,,,,0.72
2023-10-28,USA,,,,,0.069,,,,0.579,,0.006,0.013,0.069,,,,,0.013,0.013,0.472,21.415,0.648,0.893,0.038,0.094,,0.025,9.855,1.107,1.623,0.667,2.258,2.912,20.05,2.472,2.125,1.195,0.358,,,,,,,,,,,,,,,,,,,,,,,,0.006,,,,,,,,,,,,,,,,,,,,,,,,,,,2.226,3.163,1.358,3.452,1.409,0.082,7.451,0.44,2.063,0.013,0.132,0.019,0.472,1.119,0.239,1.937,0.44,3.547,0.176,,,,,,,,,,,,,,,,,,,,1.239
2023-11-25,USA,,,,,0.132,0.006,0.006,,1.203,,,,,,0.006,,,,0.017,0.229,15.712,0.945,0.395,,0.011,,0.029,6.991,0.705,1.226,0.384,1.708,4.968,29.406,4.464,2.303,3.146,5.151,,,,0.006,,0.006,,,,,0.057,,,,0.006,,,,,,,,,,0.006,,,,,,,,,,,,,,,,,,,,,,,,,,1.65,1.337,0.491,2.702,1.262,0.063,4.85,0.211,1.194,,0.034,0.011,0.229,1.074,0.057,1.702,0.274,2.211,0.16,0.029,,0.006,,,,,,,,,,,,,,,,,1.238
2023-12-23,USA,,,,,0.401,,,,2.092,,,,0.009,,0.004,,,0.004,,0.219,8.646,0.865,0.125,,0.022,,,2.967,0.99,0.678,0.25,0.848,4.256,24.193,4.729,1.472,3.627,31.009,0.017,0.004,0.013,0.004,,0.071,,0.049,0.004,0.165,0.344,,,,,,,,0.009,,0.026,,0.022,,0.004,,,,,,,,,,,,,,,,,,,,,,,,,,1.454,0.657,0.147,1.245,0.803,0.054,2.146,0.138,0.379,0.009,0.009,0.004,0.107,0.602,0.04,1.071,0.103,1.419,0.013,0.076,,,,,,,,,,,,,,,,,,,1.445
2024-01-20,USA,,0.005,,0.009,0.327,,,,1.701,,,,0.014,,,,,,0.006,0.043,2.298,0.299,0.043,,,,,0.682,0.663,0.232,0.052,0.142,1.303,8.767,2.132,0.469,2.185,69.894,0.033,0.062,0.355,0.047,0.005,0.327,,0.194,0.123,1.1,1.722,,,,0.011,,,0.005,0.005,,0.057,,0.194,,0.014,0.006,,0.005,,,,,,0.005,,0.006,,,,,,,,,,,,,,,0.782,0.161,0.043,0.313,0.27,0.019,0.507,0.014,0.085,,0.009,,0.005,0.199,0.005,0.422,0.043,0.351,,0.313,,0.009,,0.005,,,,,,,,,,,,,,,0.925
2024-02-17,USA,,0.008,,0.02,0.369,,,,1.232,,,,0.008,,,,,,0.007,0.007,0.376,0.046,,,,,,0.079,0.501,0.059,0.013,0.033,0.31,1.654,0.606,0.072,0.699,78.867,0.409,0.059,1.127,0.086,0.026,0.89,,0.633,0.283,3.901,3.453,0.013,,,0.033,,,0.017,0.007,,0.639,0.008,0.929,0.008,0.013,0.007,,,,,,,,,,0.007,,,,,,,,,,,,,,,0.448,0.02,0.007,0.053,0.033,0.007,0.072,,0.033,,,,,0.046,,0.079,,0.05,,1.128,,0.007,,,,,,,,,,,,,,,,,0.824
2024-03-16,USA,,0.024,,0.024,0.383,0.012,,,0.574,,,,0.036,0.012,,0.017,,,0.035,,0.191,0.012,,,,,,0.036,0.359,0.048,0.012,,0.084,0.502,0.108,0.036,0.167,68.872,0.993,0.084,2.464,0.706,0.215,1.268,,1.196,0.622,7.632,6.053,0.167,0.087,0.035,0.514,,0.012,0.096,,0.024,1.735,0.048,1.747,0.036,0.139,,,,,,,,,,,,,,,,,,,,,,,,,,0.239,0.036,0.012,,,0.024,0.048,,0.036,,,,,,,0.024,,0.048,,1.34,0.012,0.017,,,,,,,,,,,,,,,,,1.089
2024-04-13,USA,,0.021,,0.021,0.356,,,,0.544,,,,,,,0.021,,,0.042,,0.084,,,,,,,0.021,0.23,,,,0.042,0.042,,0.146,0.042,49.048,1.59,0.042,3.892,1.674,0.753,2.741,0.042,1.695,0.711,12.973,6.005,1.13,0.105,0.063,4.562,0.021,0.314,1.381,,0.691,3.076,0.774,1.402,0.167,0.565,,0.021,,,,,,,,,,,,,,,,,,,,,,,,0.146,0.105,0.021,0.021,,,0.063,,0.049,,,,,,,,,,,1.409,0.656,0.021,,,,,,,,,,,,,,,,,1.13
2024-05-11,USA,,0.025,,0.022,0.199,0.05,,,0.274,,,,,,,,,0.022,,,0.075,,,,,,,,0.025,,,,,0.175,,0.025,0.025,26.128,3.291,0.125,3.216,3.067,1.67,1.471,0.075,1.172,0.573,11.917,3.914,4.114,0.573,0.424,12.167,0.175,1.945,7.43,0.022,1.197,2.518,1.521,1.321,1.421,3.042,,0.399,,,,,,0.025,,,,,,,,,,,,,,,,,,0.025,0.1,,,,,0.075,,0.025,,,,,,,,,,,1.346,1.321,,,,,,,,,,,,,,,,,,1.371
2024-06-08,USA,,0.035,,0.035,0.053,0.018,,,0.141,,,,,,,,,0.018,,,0.053,,,,,,,,,,,,,0.018,,,,10.591,1.9,0.018,1.144,1.918,2.868,2.217,0.123,0.51,0.528,4.469,1.038,6.122,1.847,0.95,13.582,0.334,6.122,23.751,0.457,1.953,0.95,1.724,0.317,1.777,7.512,0.088,1.566,,,0.018,,,0.493,,,,,,,,,,,,,,,,,,,,,,,,,,0.053,,,,,,,,,0.028,,0.669,0.95,,,,,,,,,,,,,,,,,,1.091
2024-07-06,USA,,0.027,,0.021,0.021,,,,0.01,,,,,,,,,0.01,,,0.01,,,,,,,,,,,,,0.021,,,0.009,4.809,0.93,0.01,0.366,1.035,2.488,2.185,0.167,0.073,0.157,1.275,0.146,5.049,2.791,0.491,10.119,0.826,11.185,27.201,4.652,1.39,0.251,1.735,0.021,0.92,14.499,0.146,1.453,,,0.01,,,1.829,,0.042,,0.01,,,,,,,,,,,,,,,,,,,,,,0.021,,,,0.009,,,,,0.021,,0.094,0.794,0.018,,,,,,,,,,,,,,,,,0.721
2024-08-03,USA,,,,0.007,0.007,,,,0.015,,,,,,,,,,0.007,,0.015,0.007,,,,,,,,,,,,0.007,,,0.007,2.955,0.658,0.015,0.148,0.347,1.655,1.241,0.429,0.081,0.015,0.525,0.015,3.591,3.339,0.14,7.558,0.909,15.183,22.586,15.397,0.761,0.074,1.463,0.015,0.34,15.19,0.214,1.13,0.021,,,,,2.305,,0.244,0.007,0.177,,,,,,,,,,,,,,,,,,,,,,0.015,,,,0.007,,,,,,,0.007,0.325,0.103,,,,,,,,,,,,,,,,,0.761
2024-08-31,USA,,0.007,,,0.014,0.007,,,0.007,,,,,,,,,,,,0.007,,,,,,,,,,,,,0.014,,,,1.834,0.667,0.007,0.007,0.133,1.117,0.703,0.703,0.022,,0.229,0.007,1.96,2.774,0.022,5.957,0.654,13.953,15.88,30.404,0.445,0.021,1.12,0.007,0.174,13.083,0.487,0.856,0.063,0.015,,,,2.283,,0.522,0.084,0.32,0.014,,,,,,,,,,,,,,,,0.007,,,,,0.007,,,,,,,0.007,,,,0.007,0.257,0.912,,0.037,0.014,,,,,,,,,,,,,,0.8
2024-09-28,USA,,0.121,,,0.009,,,,,,,,,,,0.024,,,,,,,,,,,,,,,,,,0.012,,,0.012,1.514,0.189,,0.009,0.12,0.912,0.654,0.568,0.017,,0.198,,1.351,2.401,0.009,3.554,0.551,10.352,10.455,45.848,0.172,0.009,0.663,,0.112,9.075,1.208,0.431,0.267,0.026,,,,1.251,0.009,1.881,0.466,0.578,0.009,,,,,,,,,,,,,,0.009,,0.009,,,,,0.009,,,,,,,0.009,,,,,0.224,3.295,0.024,0.095,0.06,,,,,,,,,,,,,,1.277
2024-10-26,USA,,0.073,,,0.045,,,,,,,,,,,0.036,,,,,,,,,,,,,,,,,,0.036,,,0.018,1.185,0.51,0.022,,0.31,0.419,0.128,0.182,0.018,,0.109,0.045,0.383,1.968,,2.205,0.218,4.762,6.204,48.757,0.073,,0.291,,,2.576,1.635,0.202,1.209,0.09,,0.045,,0.426,0.963,4.434,2.15,0.896,,,,,,,,,,,,,,,,,,,,,,,,,,,,,,,,,,0.112,17.38,0.157,1.053,1.075,,,,,,,,,,,,,,1.456
2024-11-23,USA,,0.068,,,0.044,,,,,,,0.044,,,,,,,,0.022,,,,,,,,,,,,,,,,,0.022,0.768,0.154,0.022,,0.483,0.132,0.11,0.329,0.022,,0.066,0.066,0.241,1.054,,0.68,0.088,1.558,4.675,43.986,0.022,,0.395,,,1.558,1.778,0.154,1.624,0.241,,0.022,,0.219,2.063,4.522,3.336,0.724,0.044,,,0.022,,,,,,,,,,,,,,,,,,,,,,,,,,,,,,0.066,23.09,0.353,1.524,1.656,,,,,,,,,,,,,,2.129
2024-12-21,USA,,0.157,,,0.07,,,,,,,0.034,,,,,,,,0.017,,,,,,,,,,,,,,0.014,,,,0.723,0.034,0.014,,0.258,0.017,0.052,0.138,,,0.017,,0.138,0.394,,0.188,0.034,0.565,3.852,30.44,,,0.377,,,0.788,2.363,0.051,2.054,0.308,0.034,0.068,,0.12,4.999,4.896,4.554,0.531,0.12,,0.014,0.068,,,,,,,,,,,,,,0.017,,,,,,,,,,,,,,,,0.069,33.982,0.942,1.507,3.047,0.068,,,,,,,,,,,,,2.14
2025-01-18,USA,,0.039,,,,,,,,,,,,,,,,,,,,,,,,,,,,,,0.013,,0.013,,,,0.798,0.026,0.013,,0.445,0.039,,0.039,,,0.013,,0.144,0.236,,0.209,,0.38,2.592,18.874,,,0.236,0.015,,0.196,2.997,,1.819,0.484,0.366,0.065,0.013,0.013,11.309,4.987,5.393,0.484,0.484,,0.105,0.301,,,,,,,,,,,,,,,,,,,,,,,,,,,,,,0.065,39.471,1.427,1.662,3.089,0.079,,,,,,,,,,,,,1.126
2025-02-15,USA,,0.105,,,0.017,,,,,,,,,,,,,,,,0.017,,,,,,,,,0.017,,,,0.017,,,,0.592,0.044,,,0.503,0.075,0.015,0.017,,,,,0.074,0.208,,0.118,,0.148,2.077,10.636,,,0.178,0.015,,0.104,3.753,,1.825,0.534,0.727,0.163,0.059,,24.714,3.442,4.732,0.326,0.994,,0.104,0.562,,,,,,,,,,,,,,,,,,,,,,,,,,,,,,0.03,36.64,1.451,1.229,2.531,0.192,0.015,,,,,,,,,,,,1.288
2025-03-15,USA,,0.083,,,0.021,,,,,,,,,,,,,,,,0.021,,,,,,,,,0.021,,,,0.021,,,,0.29,0.021,,,0.393,0.207,,0.041,,,,,0.062,0.373,,0.103,,0.041,1.697,6.707,,,0.041,,,0.041,3.353,0.021,1.697,0.662,1.035,1.014,0.331,0.021,39.661,2.029,4.74,0.248,1.076,0.052,0.373,1.035,,,,,,,,,,,,,,,,,,0.052,,,,,,,,,,,,0.021,26.144,1.966,1.18,2.277,0.31,0.021,,,,,,,,0.021,,,,0.6
2025-04-12,USA,,0.03,,,,,,,,,,,,,,,,,,,,,,,,,,,,,,,,0.059,,,,0.207,0.03,,,0.059,0.177,,,,,,,,0.266,,0.089,,0.059,1.357,3.806,,,0.059,,,0.03,3.098,0.03,1.593,0.59,1.682,2.006,0.915,,54.854,0.915,3.747,0.118,0.708,0.295,0.826,0.915,,,,,,,,,,,,,,,,,,0.059,,,,,,,,,,,,0.059,14.429,1.682,0.767,1.534,1.446,0.915,,,,,,,,0.088,,,,0.62
2025-05-10,USA,,0.066,,,0.066,,,,,,,,,,,,,,,,,,,,,,,,,,,,,0.051,,,,0.528,,,,0.041,0.051,,,,,0.066,,0.066,0.066,,,,,0.594,2.519,,,0.154,,,0.051,1.337,0.132,1.491,0.874,1.337,0.411,1.08,,60.617,0.206,2.416,,0.514,3.496,0.771,1.799,0.041,,0.041,,,,,,,,,,,,,,,,,,,,,,,,,,,0.154,8.072,1.851,0.617,1.285,2.828,2.828,,,,,,,,1.021,,,,1.645
2025-06-07,USA,,0.07,,,,,,,,,,,,,,,,0.07,,,,,,,,,,,,,,,,,,,,0.478,,,,0.049,,,,,,0.06,,,,,,,,0.657,1.015,,,0.049,,,,0.786,0.098,0.983,0.393,1.327,0.885,1.916,,51.4,0.295,0.786,0.049,0.147,11.007,1.327,1.572,0.393,,0.296,0.049,,,,,,,,,,,,,,,,,,,,,,,,,,0.246,4.532,1.034,0.099,0.985,3.054,12.266,,,,,,,,1.33,,,,1.966
2025-07-05,USA,,,,,0.089,,,,,,,,,,,,,0.044,,,,,,,,,,,,,,,,,,,,0.088,,,,,,,,,,,,,,,,,,0.486,0.573,,,,,,,0.22,,0.883,0.486,0.662,0.177,1.987,,31.391,,0.177,,0.044,17.483,3.4,0.602,0.803,,0.309,0.201,,,,,,,,,,,,,,,,,,,,,,,,,,0.1,1.81,0.574,0.044,0.132,3.311,30.905,0.054,0.044,,0.201,,,0.151,1.325,,0.1,,2.51
2025-08-02,USA,,0.066,,,0.099,,,,,,,,,,,,,,,,,,,,,,,,,,,,,,,,,0.033,,,,0.033,0.049,0.033,,,,,,,0.033,,,,0.033,0.362,0.132,,,,,,,0.033,,0.856,0.23,0.033,0.198,1.778,,17.056,,,,0.066,16.266,3.754,0.263,0.79,,0.136,,,,,,,,,,,,,,,,,,,,,,,,,,,0.263,1.12,0.132,0.033,0.027,2.009,51.136,0.066,0.428,,0.329,,,0.593,0.788,0.099,0.329,0.066,1.251
2025-08-30,USA,,0.018,,,,,,,,,,,,,,,,,,,0.018,,,,,,,,,,,,,0.037,,,,0.018,,,,0.018,0.021,,,,,,,,,,,,,0.11,0.037,,,,,,,,,1.049,0.055,0.055,0.098,1.142,,7.195,,0.065,,,11.601,3.263,0.131,1.256,,0.098,,,,,,,,,,,,,,,,,,,,,,,,,,,0.082,0.375,0.065,,,1.729,65.068,0.074,1.288,,1.214,,,0.846,0.756,0.423,0.552,0.589,1.387
2025-09-27,USA,,0.025,,,,,,,,,,,,,,,,,,,,,,,,,,,,,,,,,,,,0.077,,,,0.023,,,,,,,,,,,,,,,0.038,,,,,,,,,0.607,,0.019,0.114,0.626,,3.179,,,,,9.745,2.119,0.076,0.91,,0.057,0.095,,,,,,,,,,,,,,,,,,,,,,,,,,0.019,0.23,,,,0.921,71.184,0.134,2.131,0.019,2.937,,0.019,1.574,0.435,0.806,0.71,1.19,0.691
2025-10-25,USA,,0.305,,,,,,,,,,,,,,,,,,,,,,,,,,,,,,,,,,,,,,,,,0.136,,,,,,,,,,,,,,,,,,,,,,,0.477,,,,0.572,,1.573,,,,,8.437,0.715,,1.141,0.048,,0.048,,,,,,,,,,,,,,,,,,,,,,,,,,,0.143,,,,0.952,70.143,1.978,2.476,0.048,4.507,0.238,,2.68,0.667,1.035,1.523,1.583,1.616
2025-11-22,USA,,0.097,,,,,,,,0.203,,,,,,,,,,,,,,,,,,,,,,,,,,,,0.204,,,,,,,,,,,,,,,,,,,0.07,,,,,,,,,0.774,,,,0.484,,0.581,,,,,6.486,1.549,,2.227,0.203,,0.339,,0.13,,,,,,,,,,,,,,,,,,,,,,,,,0.068,,,,0.581,63.406,4.44,4.259,0.342,7.045,1.436,0.068,3.42,0.609,1.505,0.812,2.099,0.968
2025-12-20,USA,,0.071,,,,,,,,0.525,,,,,,,,,,,,,,,,,,,,,,,,,,,,,,,,,,,,,,,,,,,,,,,0.212,,,,,,,,,0.212,,,0.05,0.151,,0.303,,,,,7.572,0.353,,2.493,0.778,0.106,0.42,,0.05,0.158,,,,0.128,,,,,,,0.071,,,,,,,,,,,,,0.071,0.071,,,0.423,57.163,0.071,7.339,0.21,9.527,2.258,0.315,3.197,0.57,2.685,2.046,2.43,1.565
2026-01-17,USA,,0.042,,,0.034,,,,,0.758,,,,,,,,,,,,,,,,,,,,,,,,,,,,0.207,,,,,,,,,,,,,,,,,,,0.275,,,,,,,,,0.585,,,,0.275,,0.103,,,,,4.993,0.103,,2.445,0.517,0.482,1.309,,0.16,0.413,,,,,,,,,,,,,,,,,,,,,,,,0.032,,,,0.103,43.457,,14.463,0.62,9.848,3.099,0.895,4.098,0.463,1.963,3.547,4.063,1.343
2026-02-14,USA,,0.156,,,0.077,,,,,1.752,,,0.078,,,,,,,,,,,,,,,,,,,,,,,,,0.055,,,,,0.039,,,,,0.055,,,,,,,,,0.055,,,,,,,,,0.72,,,,0.312,,0.078,,,,,5.616,0.078,0.078,4.602,0.633,0.925,2.808,,0.309,0.973,0.039,,,,,,,,,,,,,,,,,,,,,,0.078,,,,,0.858,35.413,0.156,18.253,0.768,11.544,3.163,1.17,3.666,0.123,1.872,3.51,2.808,1.56
2026-03-14,USA,,,,,,,,,,1.956,,,,,,,,,,,,,,,,,,,,,,,,,,,,0.085,,,,,,,,,,0.122,,,,,,,,,0.365,,,,,,,,,0.973,,,,0.365,,0.243,,,,,5.474,0.122,,5.348,0.994,2.161,3.566,,0.27,1.405,0.162,,,,,,,,,,,,,,,,,,,,,,,,,,,0.054,23.555,0.054,25.932,0.648,9.238,3.836,1.08,3.728,0.193,0.54,2.701,2.917,1.729
2026-04-11,USA,,,,,,,,,,4.425,,,,,,,,,,,,,,,,,,,,,,,,,,,,0.108,,,,,,,,,,,,,,,,,,0.295,0.295,,,,,,,,,1.18,,,,0.295,,,0.59,,,,8.26,0.108,,6.414,0.329,0.658,5.099,,0.108,1.645,0.108,,,,,,,,,,,,,,,,,,,,,,,0.164,,,,0.164,15.296,,28.618,2.087,8.186,3.692,0.963,3.132,0.54,0.432,1.62,4.32,1.284
2026-05-09,USA,,,,,,,,,,5.251,,,,,,,,,,,,,,,,,,,,,,,,,,,,,,,,,,,,,,,,,,,,,,,0.239,,,,,,,,,1.671,,,,2.017,,,,,,,4.611,0.469,,2.148,0.288,1.432,8.592,,0.477,3.103,1.671,,,,,,,,,,,,,,,,,,,,,,,,,,,0.288,9.069,,40.095,0.477,8.115,2.882,1.432,2.148,0.865,0.716,0.955,2.625,0.288
2026-06-06,USA,,,,,,,,,,8.14,,,,,,,,,0.448,,,,,,,,,,,,,,,,,,,,,,,,,,,,,,,,,,,,,,,,,,,,,,,1.163,,,,3.488,,,,,,,3.488,0.448,,3.488,,0.415,4.651,,2.49,5.814,2.49,0.83,,,,,,,,,,,,,,,,,,,,,,,,,,,5.814,,29.07,0.897,6.278,0.897,4.149,3.734,0.415,0.83,,0.83,5.814
2026-07-04,USA,,,,,,,,,,9.615,,,,,,,,,,,,,,,,,,,,,,,,,,,,,,,,,,,,,,,,,,,,,,,,,,,,,,,,1.562,,,,4.688,,,,,,,4.688,,,4.688,,0.481,3.125,,4.327,5.469,7.692,6.731,,,,,,,,,,,,,,,,,,,,,,,,,,,4.688,,29.688,,5.469,2.885,0.962,2.885,0.962,,,4.327,1.562
2026-08-01,USA,,,,,,,,,,1.974,,,,,,,,,,,,,,,,,,,,,,,,,,,,,,,,,,,,,,,,,,,,,,,,,,,,,,,,0.658,,,,5.592,,,,,,,3.947,,,0.329,,,0.658,5.592,5.592,5.921,9.211,20.724,,,,,,,,,,,,,,,,,,,,,,,,,,,6.25,,15.789,,5.263,0.658,0.987,6.25,,,,4.605,
